,clf_name,params,mean_test_precision,std_test_precision,mean_test_recall,std_test_recall,mean_test_f1-score,std_test_f1-score,mean_test_accuracy,std_test_accuracy,mean_fit_time,std_fit_time
0,DummyClassifier,{'strategy': 'most_frequent'},0.0,0.0,0.0,0.0,0.0,0.0,0.8529166666666667,0.026682937744308945,0.0004996776580810547,0.0006706662064260534
1,DummyClassifier,{'strategy': 'uniform'},0.12813492063492063,0.0980324916828497,0.45,0.35784850922639816,0.19803030303030303,0.15112043704004555,0.5191666666666668,0.08682677518420737,0.00030155181884765624,0.00046064638645520637
2,DummyClassifier,{'strategy': 'stratified'},0.11666666666666665,0.18333333333333335,0.15,0.22912878474779202,0.13,0.20024984394500786,0.7258333333333333,0.09067264073455554,0.0006541728973388672,0.0005572233300608025
