,clf_name,params,mean_test_precision,std_test_precision,mean_test_recall,std_test_recall,mean_test_f1-score,std_test_f1-score,mean_test_accuracy,std_test_accuracy,mean_fit_time,std_fit_time
0,DummyClassifier,{'strategy': 'most_frequent'},0.0,0.0,0.0,0.0,0.0,0.0,0.8529166666666667,0.026682937744308945,0.0005013465881347657,0.0005013479555135667
1,DummyClassifier,{'strategy': 'uniform'},0.17357864357864358,0.11598113572961052,0.5333333333333333,0.3559026084010437,0.25661283161283166,0.1685014361556459,0.5841666666666667,0.11377060252982753,0.0005011558532714844,0.0005014888027648826
2,DummyClassifier,{'strategy': 'stratified'},0.2235714285714286,0.20839645302320542,0.3333333333333333,0.31622776601683794,0.24634920634920637,0.21056954045659784,0.7441666666666666,0.08358711357353811,0.00019664764404296874,0.00039338321100762595
